{
  "exportedBy": null,
  "bundleHash": null,
  "version": "1.0.0.0",
  "jitAssemblyCompilerCommands": [
    {
      "providerName": "TypedDataTable",
      "typedDataTableDto": {
        "id": 1,
        "idRef": "ReadRangeConnections`1_1",
        "hash": "ReadRangeConnections`1_1|DataTable|T1PNoYwrqgwDVLtfmj7L5e0Sq02OEbqHPC8RFhICuUU",
        "dataType": "System.Data.DataTable, System.Data.Common",
        "columns": [],
        "rowExtensionProperties": [
          {
            "columnName": "SheetsRowIndex",
            "dataType": "System.Int32, System.Private.CoreLib",
            "descriptionKey": "General_RowExtensions_Property_SheetsRowIndex_Description",
            "category": "Simplified"
          }
        ],
        "nestedRowExtensionProperties": [],
        "resourceManager": {
          "resourceManagerName": "UiPath.GSuite.Properties.UiPath.GSuite",
          "resourceManagerAssemblyName": "UiPath.GSuite"
        }
      },
      "entityAssemblyKey": {
        "name": "Studio.Generated.TypedDataTable1",
        "hash": "ReadRangeConnections`1_1|DataTable|T1PNoYwrqgwDVLtfmj7L5e0Sq02OEbqHPC8RFhICuUU|M8QgJnMcDYq2DQeuuBU0Jk546eYbnq2FCcwUoYRi4Ss|HT8aFX0uTakdBZzx1gQ7QazRUYM25L1273kAdp3Xng",
        "assemblyName": "Studio.Generated.TypedDataTable1"
      }
    },
    {
      "providerName": "TypedDataTable",
      "typedDataTableDto": {
        "id": 2,
        "idRef": "ReadRangeConnections`1_1",
        "hash": "ReadRangeConnections`1_1|DataTable|ZR6kj9PP7Y8DDcde6ko4qzVDhVbEjW51Ef8ZMA4VWwE",
        "dataType": "System.Data.DataTable, System.Data.Common",
        "columns": [
          {
            "columnName": "Firstname",
            "dataType": "System.String, System.Private.CoreLib",
            "name": "Firstname",
            "category": "Simplified"
          },
          {
            "columnName": "Lastname",
            "dataType": "System.String, System.Private.CoreLib",
            "name": "Lastname",
            "category": "Simplified"
          },
          {
            "columnName": "Location",
            "dataType": "System.String, System.Private.CoreLib",
            "name": "Location",
            "category": "Simplified"
          },
          {
            "columnName": "Email",
            "dataType": "System.String, System.Private.CoreLib",
            "name": "Email",
            "category": "Simplified"
          },
          {
            "columnName": "PersonId",
            "dataType": "System.String, System.Private.CoreLib",
            "name": "PersonId",
            "category": "Simplified"
          }
        ],
        "rowExtensionProperties": [
          {
            "columnName": "SheetsRowIndex",
            "dataType": "System.Int32, System.Private.CoreLib",
            "descriptionKey": "General_RowExtensions_Property_SheetsRowIndex_Description",
            "category": "Simplified"
          }
        ],
        "nestedRowExtensionProperties": [
          {
            "parentColumnName": "Firstname",
            "extension": {
              "columnName": "_Address",
              "dataType": "System.String, System.Private.CoreLib",
              "name": "Firstname Address",
              "descriptionKey": "General_RowExtensions_Property_Column_Address_Description"
            }
          },
          {
            "parentColumnName": "Firstname",
            "extension": {
              "columnName": "_ColumnAddress",
              "dataType": "System.String, System.Private.CoreLib",
              "name": "Firstname ColumnAddress",
              "descriptionKey": "General_RowExtensions_Property_Column_ColumnAddress_Description"
            }
          },
          {
            "parentColumnName": "Lastname",
            "extension": {
              "columnName": "_Address",
              "dataType": "System.String, System.Private.CoreLib",
              "name": "Lastname Address",
              "descriptionKey": "General_RowExtensions_Property_Column_Address_Description"
            }
          },
          {
            "parentColumnName": "Lastname",
            "extension": {
              "columnName": "_ColumnAddress",
              "dataType": "System.String, System.Private.CoreLib",
              "name": "Lastname ColumnAddress",
              "descriptionKey": "General_RowExtensions_Property_Column_ColumnAddress_Description"
            }
          },
          {
            "parentColumnName": "Location",
            "extension": {
              "columnName": "_Address",
              "dataType": "System.String, System.Private.CoreLib",
              "name": "Location Address",
              "descriptionKey": "General_RowExtensions_Property_Column_Address_Description"
            }
          },
          {
            "parentColumnName": "Location",
            "extension": {
              "columnName": "_ColumnAddress",
              "dataType": "System.String, System.Private.CoreLib",
              "name": "Location ColumnAddress",
              "descriptionKey": "General_RowExtensions_Property_Column_ColumnAddress_Description"
            }
          },
          {
            "parentColumnName": "Email",
            "extension": {
              "columnName": "_Address",
              "dataType": "System.String, System.Private.CoreLib",
              "name": "Email Address",
              "descriptionKey": "General_RowExtensions_Property_Column_Address_Description"
            }
          },
          {
            "parentColumnName": "Email",
            "extension": {
              "columnName": "_ColumnAddress",
              "dataType": "System.String, System.Private.CoreLib",
              "name": "Email ColumnAddress",
              "descriptionKey": "General_RowExtensions_Property_Column_ColumnAddress_Description"
            }
          },
          {
            "parentColumnName": "PersonId",
            "extension": {
              "columnName": "_Address",
              "dataType": "System.String, System.Private.CoreLib",
              "name": "PersonId Address",
              "descriptionKey": "General_RowExtensions_Property_Column_Address_Description"
            }
          },
          {
            "parentColumnName": "PersonId",
            "extension": {
              "columnName": "_ColumnAddress",
              "dataType": "System.String, System.Private.CoreLib",
              "name": "PersonId ColumnAddress",
              "descriptionKey": "General_RowExtensions_Property_Column_ColumnAddress_Description"
            }
          }
        ],
        "resourceManager": {
          "resourceManagerName": "UiPath.GSuite.Properties.UiPath.GSuite",
          "resourceManagerAssemblyName": "UiPath.GSuite"
        }
      },
      "entityAssemblyKey": {
        "name": "Studio.Generated.TypedDataTable2",
        "hash": "ReadRangeConnections`1_1|DataTable|vuZIlaQi0daIK0BjYrxlJSkLZhBCkceeJF6UqFmHg|M8QgJnMcDYq2DQeuuBU0Jk546eYbnq2FCcwUoYRi4Ss|HT8aFX0uTakdBZzx1gQ7QazRUYM25L1273kAdp3Xng",
        "assemblyName": "Studio.Generated.TypedDataTable2"
      }
    },
    {
      "providerName": "TypedDataTable",
      "typedDataTableDto": {
        "id": 3,
        "idRef": "ReadRangeConnections`1_1",
        "hash": "ReadRangeConnections`1_1|DataTable|7EwKABDn1wuEmMfgFiBDdp7g3UrXlfnOa2yQY4YX90",
        "dataType": "System.Data.DataTable, System.Data.Common",
        "columns": [
          {
            "columnName": "Firstname",
            "dataType": "System.String, System.Private.CoreLib",
            "name": "Firstname",
            "category": "Simplified"
          },
          {
            "columnName": "Lastname",
            "dataType": "System.String, System.Private.CoreLib",
            "name": "Lastname",
            "category": "Simplified"
          },
          {
            "columnName": "Location",
            "dataType": "System.String, System.Private.CoreLib",
            "name": "Location",
            "category": "Simplified"
          },
          {
            "columnName": "Email",
            "dataType": "System.String, System.Private.CoreLib",
            "name": "Email",
            "category": "Simplified"
          },
          {
            "columnName": "PersonId",
            "dataType": "System.String, System.Private.CoreLib",
            "name": "PersonId",
            "category": "Simplified"
          },
          {
            "columnName": "Status",
            "dataType": "System.String, System.Private.CoreLib",
            "name": "Status",
            "category": "Simplified"
          },
          {
            "columnName": "Exceptions",
            "dataType": "System.String, System.Private.CoreLib",
            "name": "Exceptions",
            "category": "Simplified"
          }
        ],
        "rowExtensionProperties": [
          {
            "columnName": "SheetsRowIndex",
            "dataType": "System.Int32, System.Private.CoreLib",
            "descriptionKey": "General_RowExtensions_Property_SheetsRowIndex_Description",
            "category": "Simplified"
          }
        ],
        "nestedRowExtensionProperties": [
          {
            "parentColumnName": "Firstname",
            "extension": {
              "columnName": "_Address",
              "dataType": "System.String, System.Private.CoreLib",
              "name": "Firstname Address",
              "descriptionKey": "General_RowExtensions_Property_Column_Address_Description"
            }
          },
          {
            "parentColumnName": "Firstname",
            "extension": {
              "columnName": "_ColumnAddress",
              "dataType": "System.String, System.Private.CoreLib",
              "name": "Firstname ColumnAddress",
              "descriptionKey": "General_RowExtensions_Property_Column_ColumnAddress_Description"
            }
          },
          {
            "parentColumnName": "Lastname",
            "extension": {
              "columnName": "_Address",
              "dataType": "System.String, System.Private.CoreLib",
              "name": "Lastname Address",
              "descriptionKey": "General_RowExtensions_Property_Column_Address_Description"
            }
          },
          {
            "parentColumnName": "Lastname",
            "extension": {
              "columnName": "_ColumnAddress",
              "dataType": "System.String, System.Private.CoreLib",
              "name": "Lastname ColumnAddress",
              "descriptionKey": "General_RowExtensions_Property_Column_ColumnAddress_Description"
            }
          },
          {
            "parentColumnName": "Location",
            "extension": {
              "columnName": "_Address",
              "dataType": "System.String, System.Private.CoreLib",
              "name": "Location Address",
              "descriptionKey": "General_RowExtensions_Property_Column_Address_Description"
            }
          },
          {
            "parentColumnName": "Location",
            "extension": {
              "columnName": "_ColumnAddress",
              "dataType": "System.String, System.Private.CoreLib",
              "name": "Location ColumnAddress",
              "descriptionKey": "General_RowExtensions_Property_Column_ColumnAddress_Description"
            }
          },
          {
            "parentColumnName": "Email",
            "extension": {
              "columnName": "_Address",
              "dataType": "System.String, System.Private.CoreLib",
              "name": "Email Address",
              "descriptionKey": "General_RowExtensions_Property_Column_Address_Description"
            }
          },
          {
            "parentColumnName": "Email",
            "extension": {
              "columnName": "_ColumnAddress",
              "dataType": "System.String, System.Private.CoreLib",
              "name": "Email ColumnAddress",
              "descriptionKey": "General_RowExtensions_Property_Column_ColumnAddress_Description"
            }
          },
          {
            "parentColumnName": "PersonId",
            "extension": {
              "columnName": "_Address",
              "dataType": "System.String, System.Private.CoreLib",
              "name": "PersonId Address",
              "descriptionKey": "General_RowExtensions_Property_Column_Address_Description"
            }
          },
          {
            "parentColumnName": "PersonId",
            "extension": {
              "columnName": "_ColumnAddress",
              "dataType": "System.String, System.Private.CoreLib",
              "name": "PersonId ColumnAddress",
              "descriptionKey": "General_RowExtensions_Property_Column_ColumnAddress_Description"
            }
          },
          {
            "parentColumnName": "Status",
            "extension": {
              "columnName": "_Address",
              "dataType": "System.String, System.Private.CoreLib",
              "name": "Status Address",
              "descriptionKey": "General_RowExtensions_Property_Column_Address_Description"
            }
          },
          {
            "parentColumnName": "Status",
            "extension": {
              "columnName": "_ColumnAddress",
              "dataType": "System.String, System.Private.CoreLib",
              "name": "Status ColumnAddress",
              "descriptionKey": "General_RowExtensions_Property_Column_ColumnAddress_Description"
            }
          },
          {
            "parentColumnName": "Exceptions",
            "extension": {
              "columnName": "_Address",
              "dataType": "System.String, System.Private.CoreLib",
              "name": "Exceptions Address",
              "descriptionKey": "General_RowExtensions_Property_Column_Address_Description"
            }
          },
          {
            "parentColumnName": "Exceptions",
            "extension": {
              "columnName": "_ColumnAddress",
              "dataType": "System.String, System.Private.CoreLib",
              "name": "Exceptions ColumnAddress",
              "descriptionKey": "General_RowExtensions_Property_Column_ColumnAddress_Description"
            }
          }
        ],
        "resourceManager": {
          "resourceManagerName": "UiPath.GSuite.Properties.UiPath.GSuite",
          "resourceManagerAssemblyName": "UiPath.GSuite"
        }
      },
      "entityAssemblyKey": {
        "name": "Studio.Generated.TypedDataTable3",
        "hash": "ReadRangeConnections`1_1|DataTable|GW595BFw5a3AOfVHtu4u3JWp5yVgGW1e1sO57QUwNA|M8QgJnMcDYq2DQeuuBU0Jk546eYbnq2FCcwUoYRi4Ss|HT8aFX0uTakdBZzx1gQ7QazRUYM25L1273kAdp3Xng",
        "assemblyName": "Studio.Generated.TypedDataTable3"
      }
    },
    {
      "providerName": "CustomEntities",
      "bundleOptions": {
        "hash": "0196778793",
        "bundleName": "fd0196778793",
        "entitiesBundle": {
          "Types": {
            "FormData": {
              "name": "FormData",
              "properties": [
                {
                  "name": "HrTools",
                  "type": {
                    "ClrType": "System.String, System.Private.CoreLib"
                  }
                }
              ],
              "baseType": null
            }
          },
          "version": 1
        }
      },
      "entityAssemblyKey": {
        "name": "UiPath.UIAutomationNext.Activities.Design.SWEntities.fd0196778793",
        "hash": "MDE5Njc3ODc5Mw",
        "assemblyName": "fd0196778793.0zDMD4JzA6G15Tfpm3Lpozq3"
      }
    },
    {
      "providerName": "TypedDataTable",
      "typedDataTableDto": {
        "id": 4,
        "idRef": "ReadRangeConnections`1_3",
        "hash": "ReadRangeConnections`1_3|DataTable|T1PNoYwrqgwDVLtfmj7L5e0Sq02OEbqHPC8RFhICuUU",
        "dataType": "System.Data.DataTable, System.Data.Common",
        "columns": [],
        "rowExtensionProperties": [
          {
            "columnName": "SheetsRowIndex",
            "dataType": "System.Int32, System.Private.CoreLib",
            "descriptionKey": "General_RowExtensions_Property_SheetsRowIndex_Description",
            "category": "Simplified"
          }
        ],
        "nestedRowExtensionProperties": [],
        "resourceManager": {
          "resourceManagerName": "UiPath.GSuite.Properties.UiPath.GSuite",
          "resourceManagerAssemblyName": "UiPath.GSuite"
        }
      },
      "entityAssemblyKey": {
        "name": "Studio.Generated.TypedDataTable4",
        "hash": "ReadRangeConnections`1_3|DataTable|T1PNoYwrqgwDVLtfmj7L5e0Sq02OEbqHPC8RFhICuUU|M8QgJnMcDYq2DQeuuBU0Jk546eYbnq2FCcwUoYRi4Ss|HT8aFX0uTakdBZzx1gQ7QazRUYM25L1273kAdp3Xng",
        "assemblyName": "Studio.Generated.TypedDataTable4"
      }
    },
    {
      "providerName": "TypedDataTable",
      "typedDataTableDto": {
        "id": 5,
        "idRef": "ReadRangeConnections`1_3",
        "hash": "ReadRangeConnections`1_3|DataTable|Kgmv3jouLJkbaYtSFlXZ6xzAUxBfM3dmWdgA80DzJ8",
        "dataType": "System.Data.DataTable, System.Data.Common",
        "columns": [
          {
            "columnName": "Firstname",
            "dataType": "System.String, System.Private.CoreLib",
            "name": "Firstname",
            "category": "Simplified"
          },
          {
            "columnName": "Lastname",
            "dataType": "System.String, System.Private.CoreLib",
            "name": "Lastname",
            "category": "Simplified"
          },
          {
            "columnName": "Location",
            "dataType": "System.String, System.Private.CoreLib",
            "name": "Location",
            "category": "Simplified"
          },
          {
            "columnName": "Email",
            "dataType": "System.String, System.Private.CoreLib",
            "name": "Email",
            "category": "Simplified"
          },
          {
            "columnName": "PersonId",
            "dataType": "System.String, System.Private.CoreLib",
            "name": "PersonId",
            "category": "Simplified"
          },
          {
            "columnName": "Status",
            "dataType": "System.String, System.Private.CoreLib",
            "name": "Status",
            "category": "Simplified"
          }
        ],
        "rowExtensionProperties": [
          {
            "columnName": "SheetsRowIndex",
            "dataType": "System.Int32, System.Private.CoreLib",
            "descriptionKey": "General_RowExtensions_Property_SheetsRowIndex_Description",
            "category": "Simplified"
          }
        ],
        "nestedRowExtensionProperties": [
          {
            "parentColumnName": "Firstname",
            "extension": {
              "columnName": "_Address",
              "dataType": "System.String, System.Private.CoreLib",
              "name": "Firstname Address",
              "descriptionKey": "General_RowExtensions_Property_Column_Address_Description"
            }
          },
          {
            "parentColumnName": "Firstname",
            "extension": {
              "columnName": "_ColumnAddress",
              "dataType": "System.String, System.Private.CoreLib",
              "name": "Firstname ColumnAddress",
              "descriptionKey": "General_RowExtensions_Property_Column_ColumnAddress_Description"
            }
          },
          {
            "parentColumnName": "Lastname",
            "extension": {
              "columnName": "_Address",
              "dataType": "System.String, System.Private.CoreLib",
              "name": "Lastname Address",
              "descriptionKey": "General_RowExtensions_Property_Column_Address_Description"
            }
          },
          {
            "parentColumnName": "Lastname",
            "extension": {
              "columnName": "_ColumnAddress",
              "dataType": "System.String, System.Private.CoreLib",
              "name": "Lastname ColumnAddress",
              "descriptionKey": "General_RowExtensions_Property_Column_ColumnAddress_Description"
            }
          },
          {
            "parentColumnName": "Location",
            "extension": {
              "columnName": "_Address",
              "dataType": "System.String, System.Private.CoreLib",
              "name": "Location Address",
              "descriptionKey": "General_RowExtensions_Property_Column_Address_Description"
            }
          },
          {
            "parentColumnName": "Location",
            "extension": {
              "columnName": "_ColumnAddress",
              "dataType": "System.String, System.Private.CoreLib",
              "name": "Location ColumnAddress",
              "descriptionKey": "General_RowExtensions_Property_Column_ColumnAddress_Description"
            }
          },
          {
            "parentColumnName": "Email",
            "extension": {
              "columnName": "_Address",
              "dataType": "System.String, System.Private.CoreLib",
              "name": "Email Address",
              "descriptionKey": "General_RowExtensions_Property_Column_Address_Description"
            }
          },
          {
            "parentColumnName": "Email",
            "extension": {
              "columnName": "_ColumnAddress",
              "dataType": "System.String, System.Private.CoreLib",
              "name": "Email ColumnAddress",
              "descriptionKey": "General_RowExtensions_Property_Column_ColumnAddress_Description"
            }
          },
          {
            "parentColumnName": "PersonId",
            "extension": {
              "columnName": "_Address",
              "dataType": "System.String, System.Private.CoreLib",
              "name": "PersonId Address",
              "descriptionKey": "General_RowExtensions_Property_Column_Address_Description"
            }
          },
          {
            "parentColumnName": "PersonId",
            "extension": {
              "columnName": "_ColumnAddress",
              "dataType": "System.String, System.Private.CoreLib",
              "name": "PersonId ColumnAddress",
              "descriptionKey": "General_RowExtensions_Property_Column_ColumnAddress_Description"
            }
          },
          {
            "parentColumnName": "Status",
            "extension": {
              "columnName": "_Address",
              "dataType": "System.String, System.Private.CoreLib",
              "name": "Status Address",
              "descriptionKey": "General_RowExtensions_Property_Column_Address_Description"
            }
          },
          {
            "parentColumnName": "Status",
            "extension": {
              "columnName": "_ColumnAddress",
              "dataType": "System.String, System.Private.CoreLib",
              "name": "Status ColumnAddress",
              "descriptionKey": "General_RowExtensions_Property_Column_ColumnAddress_Description"
            }
          }
        ],
        "resourceManager": {
          "resourceManagerName": "UiPath.GSuite.Properties.UiPath.GSuite",
          "resourceManagerAssemblyName": "UiPath.GSuite"
        }
      },
      "entityAssemblyKey": {
        "name": "Studio.Generated.TypedDataTable5",
        "hash": "ReadRangeConnections`1_3|DataTable|ynE9muypAUynzQgrfFxGUpsxGkyCkPVvVf2Bijb4TRM|M8QgJnMcDYq2DQeuuBU0Jk546eYbnq2FCcwUoYRi4Ss|HT8aFX0uTakdBZzx1gQ7QazRUYM25L1273kAdp3Xng",
        "assemblyName": "Studio.Generated.TypedDataTable5"
      }
    }
  ]
}