{
  "Workflows": [
    {
      "Path": null,
      "SortBy": 0,
      "VariablesSectionElementsOrder": [],
      "ArgumentsSectionElementsOrder": null,
      "ConstantsSectionElementsOrder": [],
      "AddedNamespaces": null
    },
    {
      "Path": "WorkFlows/Table_Extraction.xaml",
      "SortBy": 0,
      "VariablesSectionElementsOrder": [
        "access_token&Sequence_1",
        "testJsonContent&Sequence_1",
        "testCode&Sequence_1",
        "Firstname&Sequence_1",
        "Lastname&Sequence_1",
        "index&Sequence_1",
        "Location&Sequence_1",
        "Email&Sequence_1",
        "deserializedJson&Sequence_1",
        "DT_1&Sequence_1",
        "Counter&Sequence_1",
        "ExtractDataTable&Sequence_9",
        "dt_Extrated&Sequence_9",
        "PersonId&Sequence_21"
      ],
      "ArgumentsSectionElementsOrder": [],
      "ConstantsSectionElementsOrder": [],
      "AddedNamespaces": null
    },
    {
      "Path": "WorkFlows/Ok Cars.xaml",
      "SortBy": 0,
      "VariablesSectionElementsOrder": [
        "index&Sequence_6",
        "Location&Sequence_6",
        "PersonId&Sequence_6",
        "access_token&Sequence_6",
        "testJsonContent&Sequence_6",
        "testCode&Sequence_6",
        "Lastname&Sequence_6",
        "Counter&Sequence_6",
        "DT_1&Sequence_6",
        "deserializedJson&Sequence_6",
        "Email&Sequence_6",
        "Firstname&Sequence_6"
      ],
      "ArgumentsSectionElementsOrder": [],
      "ConstantsSectionElementsOrder": [],
      "AddedNamespaces": null
    },
    {
      "Path": "WorkFlows/Google_Sheets.xaml",
      "SortBy": 0,
      "VariablesSectionElementsOrder": [
        "Firstname&Sequence_16",
        "Email&Sequence_16",
        "deserializedJson&Sequence_16",
        "DT_1&Sequence_16",
        "Counter&Sequence_16",
        "Lastname&Sequence_16",
        "testCode&Sequence_16",
        "testJsonContent&Sequence_16",
        "access_token&Sequence_16",
        "PersonId&Sequence_16",
        "index&Sequence_1",
        "Location&Sequence_1"
      ],
      "ArgumentsSectionElementsOrder": [],
      "ConstantsSectionElementsOrder": [],
      "AddedNamespaces": null
    },
    {
      "Path": "Main.xaml",
      "SortBy": 0,
      "VariablesSectionElementsOrder": [
        "TransactionItem&StateMachine_1",
        "SystemException&StateMachine_1",
        "BusinessException&StateMachine_1",
        "TransactionNumber&StateMachine_1",
        "Config&StateMachine_1",
        "RetryNumber&StateMachine_1",
        "TransactionField2&StateMachine_1",
        "TransactionField1&StateMachine_1",
        "TransactionID&StateMachine_1",
        "dt_TransactionData&StateMachine_1",
        "ConsecutiveSystemExceptions&StateMachine_1",
        "ShouldStop&Sequence_25"
      ],
      "ArgumentsSectionElementsOrder": [
        "in_OrchestratorQueueName",
        "in_OrchestratorQueueFolder"
      ],
      "ConstantsSectionElementsOrder": [],
      "AddedNamespaces": null
    },
    {
      "Path": "Framework/Process.xaml",
      "SortBy": 0,
      "VariablesSectionElementsOrder": [],
      "ArgumentsSectionElementsOrder": [
        "in_TransactionItem",
        "in_Config"
      ],
      "ConstantsSectionElementsOrder": [],
      "AddedNamespaces": null
    },
    {
      "Path": "WorkFlows/Login_VeraSuite.xaml",
      "SortBy": 0,
      "VariablesSectionElementsOrder": [
        "UserName&Sequence_2",
        "Password&Sequence_2",
        "isLoginSuccessful&Sequence_3"
      ],
      "ArgumentsSectionElementsOrder": [
        "in_Credentials"
      ],
      "ConstantsSectionElementsOrder": [],
      "AddedNamespaces": null
    },
    {
      "Path": "Framework/InitAllSettings.xaml",
      "SortBy": 0,
      "VariablesSectionElementsOrder": [
        "dt_SettingsAndConstants&Sequence_5",
        "dt_Assets&Sequence_6",
        "AssetValue&Sequence_11"
      ],
      "ArgumentsSectionElementsOrder": [
        "in_ConfigFile",
        "in_ConfigSheets",
        "out_Config"
      ],
      "ConstantsSectionElementsOrder": [],
      "AddedNamespaces": null
    },
    {
      "Path": "Framework/KillAllProcesses.xaml",
      "SortBy": 0,
      "VariablesSectionElementsOrder": [],
      "ArgumentsSectionElementsOrder": [],
      "ConstantsSectionElementsOrder": [],
      "AddedNamespaces": null
    },
    {
      "Path": "Framework/InitAllApplications.xaml",
      "SortBy": 0,
      "VariablesSectionElementsOrder": [],
      "ArgumentsSectionElementsOrder": [
        "in_Config"
      ],
      "ConstantsSectionElementsOrder": [],
      "AddedNamespaces": null
    },
    {
      "Path": "WorkFlows/Go_to_manage Employees.xaml",
      "SortBy": 0,
      "VariablesSectionElementsOrder": [],
      "ArgumentsSectionElementsOrder": [],
      "ConstantsSectionElementsOrder": [],
      "AddedNamespaces": null
    },
    {
      "Path": "Framework/GetTransactionData.xaml",
      "SortBy": 0,
      "VariablesSectionElementsOrder": [],
      "ArgumentsSectionElementsOrder": [
        "in_TransactionNumber",
        "in_Config",
        "out_TransactionItem",
        "out_TransactionField1",
        "out_TransactionField2",
        "out_TransactionID",
        "io_dt_TransactionData"
      ],
      "ConstantsSectionElementsOrder": [],
      "AddedNamespaces": null
    },
    {
      "Path": "Framework/CloseAllApplications.xaml",
      "SortBy": 0,
      "VariablesSectionElementsOrder": [],
      "ArgumentsSectionElementsOrder": [],
      "ConstantsSectionElementsOrder": [],
      "AddedNamespaces": null
    }
  ]
}